SKU,Series,Finish,Height,Width,Catalog Page
24301,Black 06,Matt Black,1 7/8,2 1/2,H-3
24401,Black 06,Matt Black,1 3/8,3,H-3
24601,Black 06,Matt Black,7/8,2,H-3
24501,Black 06,Matt Black,7/8,2 3/4,H-3
24701,Black 06,Matt Black,1 7/8,1,H-3
24801,Matt Black,Matt Black,1 1/2,3/4,H-27
24901,Matt Black,Matt Black,2 5/8,13/16,H-27
25001,Matt Black,Matt Black,3 1/8,1 1/8,H-27
25101,Matt Black,Matt Black,1 7/8,1 1/2,H-27
26952,Poems,Matt Color,7/8,3/4,H-35
26954,Poems,Matt Color,7/8,3/4,H-35
26955,Poems,Matt Color,7/8,3/4,H-35
26956,Poems,Matt Color,7/8,3/4,H-35
26957,Poems,Matt Color,7/8,3/4,H-35
26958,Poems,Matt Color,7/8,3/4,H-35
26956,Poems,Matt Color,7/8,3/4,H-35
26957,Poems,Matt Color,7/8,3/4,H-35
26958,Poems,Matt Color,7/8,3/4,H-35
26959,Poems,Matt Color,7/8,3/4,H-35
26960,Poems,Matt Color,7/8,3/4,H-35
26961,Poems,Matt Color,7/8,3/4,H-35
26963,Poems,Matt Color,7/8,3/4,H-35
26964,Poems,Matt Color,7/8,3/4,H-35
26965,Poems,Matt Color,7/8,3/4,H-35
26966,Poems,Matt Color,7/8,3/4,H-35
26967,Poems,Matt Color,7/8,3/4,H-35
26968,Poems,Matt Color,7/8,3/4,H-35
26969,Poems,Matt Color,7/8,3/4,H-35
26970,Poems,Matt Color,7/8,3/4,H-35
26971,Poems,Matt Color,7/8,3/4,H-35
22057,Poems,Matt Color,7/8,1 1/4,H-35
22060,Poems,Matt Color,7/8,1 1/4,H-35
22070,Poems,Matt Color,7/8,1 1/4,H-35
62320,Armour,Gold and Silver,1 3/8,1 1/4,G-29
62330,Armour,Gold and Silver,1 3/8,1 1/4,G-29
62340,Armour,Gold and Silver,1 3/8,1 1/4,G-29
62350,Armour,Gold and Silver,1 3/8,1 1/4,G-29
63320,Armour,Gold and Silver,1 1/4,1 3/4,G-29
63330,Armour,Gold and Silver,1 1/4,2 3/4,G-29
63340,Armour,Gold and Silver,1 1/4,3 3/4,G-29
63350,Armour,Gold and Silver,1 1/4,4 3/4,G-29